{
	"info": {
		"_postman_id": "4ddbaf64-054d-4e6c-8dee-01ba05f9da7d",
		"name": "DANCTT",
		"schema": "https://schema.getpostman.com/json/collection/v2.1.0/collection.json",
		"_exporter_id": "29850547"
	},
	"item": [
		{
			"name": "Login",
			"request": {
				"method": "POST",
				"header": [],
				"body": {
					"mode": "urlencoded",
					"urlencoded": [
						{
							"key": "username",
							"value": "admin",
							"type": "text"
						},
						{
							"key": "password",
							"value": "admin",
							"type": "text"
						}
					]
				},
				"url": {
					"raw": "http://localhost:3000/auth/login",
					"protocol": "http",
					"host": [
						"localhost"
					],
					"port": "3000",
					"path": [
						"auth",
						"login"
					]
				}
			},
			"response": []
		},
		{
			"name": "http://localhost:3000/auth/register",
			"request": {
				"method": "POST",
				"header": [],
				"body": {
					"mode": "urlencoded",
					"urlencoded": [
						{
							"key": "name",
							"value": "Mai Thanh Binh",
							"type": "text"
						},
						{
							"key": "email",
							"value": "maithanhbinh13102003@gmail.com",
							"type": "text"
						},
						{
							"key": "phone ",
							"value": "1234556",
							"type": "text"
						},
						{
							"key": "address",
							"value": "Tan Phong, Quan 7",
							"type": "text"
						}
					]
				},
				"url": {
					"raw": "http://localhost:3000/auth/register",
					"protocol": "http",
					"host": [
						"localhost"
					],
					"port": "3000",
					"path": [
						"auth",
						"register"
					]
				}
			},
			"response": []
		},
		{
			"name": "forgot_password",
			"request": {
				"method": "POST",
				"header": [],
				"body": {
					"mode": "urlencoded",
					"urlencoded": [
						{
							"key": "email",
							"value": "maithanhbinh13102003@gmail.com",
							"type": "text"
						}
					]
				},
				"url": {
					"raw": "http://localhost:3000/auth/forgot",
					"protocol": "http",
					"host": [
						"localhost"
					],
					"port": "3000",
					"path": [
						"auth",
						"forgot"
					]
				}
			},
			"response": []
		}
	]
}